{"StudentID":"150122056","FirstName":"Ali","LastName":"Yıldırım","SSemester":"1"}
{"StudentID":"150122057","FirstName":"Mehmet","LastName":"Demir","SSemester":"1"}
{"StudentID":"150122058","FirstName":"Ayşe","LastName":"Koru","SSemester":"1"}
{"StudentID":"150122059","FirstName":"Arzu","LastName":"Yılmaz","SSemester":"1"}
{"StudentID":"150122060","FirstName":"Erdem","LastName":"Bereli","SSemester":"1"}
{"StudentID":"150122061","FirstName":"Nisa","LastName":"Uğur","SSemester":"1"}
{"StudentID":"150122062","FirstName":"Onur","LastName":"Atan","SSemester":"1"}
{"StudentID":"150122063","FirstName":"Ahmet","LastName":"Korkmaz","SSemester":"1"}
{"StudentID":"150122064","FirstName":"Nilüfer","LastName":"Güngör","SSemester":"1"}
{"StudentID":"150122065","FirstName":"Tekin","LastName":"Kısa","SSemester":"1"}
{"StudentID":"150122123","FirstName":"Faruk","LastName":"Kara","SSemester":"2"}
{"StudentID":"150122134","FirstName":"Duygu","LastName":"Nam","SSemester":"2"}
{"StudentID":"150122145","FirstName":"Furkan","LastName":"Uzun","SSemester":"2"}
{"StudentID":"150122156","FirstName":"Özge","LastName":"Yıldız","SSemester":"2"}
{"StudentID":"150122167","FirstName":"Reyhan","LastName":"Turan","SSemester":"2"}
{"StudentID":"150122178","FirstName":"Kemal","LastName":"Öztürk","SSemester":"2"}
{"StudentID":"150122189","FirstName":"Emre","LastName":"Saymaz","SSemester":"2"}
{"StudentID":"150122190","FirstName":"Aslı","LastName":"Ünal","SSemester":"2"}
{"StudentID":"150122132","FirstName":"Gamze","LastName":"Varol","SSemester":"2"}
{"StudentID":"150122143","FirstName":"Alp","LastName":"Duran","SSemester":"2"}